{
    "studentID": "60015992",
    "name": "Biology's Life",
    "examName": "thi-thu-lan-4-2026",
    "idExam": "9166",
    "startTime": "2026-01-28 18:22:21",
    "answers": [],
    "remainingSeconds": 1457,
    "lastSaveTime": "2026-01-29 08:36:44",
    "exitCount": 15,
    "screenshotCount": 0,
    "flag": [],
    "time-1": {
        "studentID": "60015992",
        "name": "Biology's Life",
        "examName": "thi-thu-lan-4-2026",
        "idExam": "5461",
        "startTime": "2026-01-28 12:07:28",
        "answers": [],
        "remainingSeconds": 2725,
        "lastSaveTime": "2026-01-28 12:12:13",
        "exitCount": 0,
        "screenshotCount": 0,
        "flag": [],
        "submitTime": "2026-01-28 12:12:13",
        "score": {
            "part1": 0,
            "part2": 0,
            "part3": 0,
            "part4": 0,
            "part6": 0,
            "total": 0
        }
    },
    "time-2": {
        "studentID": "60015992",
        "name": "Biology's Life",
        "examName": "thi-thu-lan-4-2026",
        "idExam": "6781",
        "startTime": "2026-01-28 12:12:36",
        "answers": {
            "1.15": "C",
            "1.17": "A",
            "1.16": "C",
            "1.14": "C",
            "1.7": "A",
            "1.3": "C",
            "1.4": "C"
        },
        "remainingSeconds": 2986,
        "lastSaveTime": "2026-01-28 12:12:55",
        "exitCount": 0,
        "screenshotCount": 0,
        "flag": [],
        "submitTime": "2026-01-28 12:12:55",
        "score": {
            "part1": 0,
            "part2": 0,
            "part3": 0,
            "part4": 0,
            "part6": 0,
            "total": 0
        }
    },
    "time-3": {
        "studentID": "60015992",
        "name": "Biology's Life",
        "examName": "thi-thu-lan-4-2026",
        "idExam": "7213",
        "startTime": "2026-01-28 12:17:36",
        "answers": {
            "1.12": "C",
            "1.13": "A",
            "1.2": "A",
            "1.7": "A",
            "1.6": "A",
            "1.3": "D",
            "1.4": "C",
            "1.17": "C",
            "1.10": "D",
            "1.1": "A",
            "1.16": "B",
            "1.8": "B",
            "1.14": "A",
            "1.5": "A",
            "1.9": "C",
            "1.15": "A",
            "1.11": "D",
            "1.18": "A",
            "2.1.a": "Đúng",
            "2.1.b": "Đúng",
            "2.1.c": "Đúng",
            "2.1.d": "Sai",
            "2.4.a": "Đúng",
            "2.4.b": "Đúng",
            "2.4.c": "Đúng",
            "2.4.d": "Đúng",
            "2.3.a": "Sai",
            "2.3.b": "Sai",
            "2.3.c": "Sai",
            "2.3.d": "Sai",
            "2.2.a": "Sai",
            "2.2.b": "Đúng",
            "2.2.c": "Đúng",
            "2.2.d": "Sai",
            "4.2": "2",
            "4.1": "22",
            "4.5": "2",
            "4.3": "1554",
            "4.6": "123456",
            "4.4": "t2525"
        },
        "remainingSeconds": 2888,
        "lastSaveTime": "2026-01-28 12:19:30",
        "exitCount": 0,
        "screenshotCount": 0,
        "flag": [],
        "submitTime": "2026-01-28 12:19:32",
        "score": {
            "part1": 3.5,
            "part2": 0.9499999999999999555910790149937383830547332763671875,
            "part3": 0,
            "part4": 0,
            "part6": 0,
            "total": 4.45000000000000017763568394002504646778106689453125
        }
    },
    "time-4": {
        "studentID": "60015992",
        "name": "Biology's Life",
        "examName": "thi-thu-lan-4-2026",
        "idExam": "5199",
        "startTime": "2026-01-28 12:20:23",
        "answers": {
            "1.12": "D",
            "1.13": "A"
        },
        "remainingSeconds": 2980,
        "lastSaveTime": "2026-01-28 12:20:45",
        "exitCount": 6,
        "screenshotCount": 0,
        "flag": [],
        "submitTime": "2026-01-28 12:20:46",
        "score": {
            "part1": 0.25,
            "part2": 0,
            "part3": 0,
            "part4": 0,
            "part6": 0,
            "total": 0.25
        }
    },
    "time-5": {
        "studentID": "60015992",
        "name": "Biology's Life",
        "examName": "thi-thu-lan-4-2026",
        "idExam": "1629",
        "startTime": "2026-01-28 12:30:40",
        "answers": {
            "1.14": "B",
            "1.6": "B",
            "1.18": "B",
            "1.5": "D",
            "1.9": "B",
            "1.16": "A",
            "1.7": "D",
            "1.2": "B",
            "2.1.a": "Đúng",
            "2.1.b": "Sai",
            "2.1.c": "Đúng",
            "2.1.d": "Sai",
            "4.4": "53,8"
        },
        "remainingSeconds": 2972,
        "lastSaveTime": "2026-01-28 12:31:12",
        "exitCount": 4,
        "screenshotCount": 0,
        "flag": [],
        "submitTime": "2026-01-28 12:31:14",
        "score": {
            "part1": 0.25,
            "part2": 0,
            "part3": 0,
            "part4": 0,
            "part6": 0,
            "total": 0.25
        }
    },
    "time-6": {
        "studentID": "60015992",
        "name": "Biology's Life",
        "examName": "thi-thu-lan-4-2026",
        "idExam": "9248",
        "startTime": "2026-01-28 12:32:14",
        "answers": {
            "2.1.a": "Đúng",
            "2.1.b": "Sai",
            "2.1.c": "Đúng",
            "2.1.d": "Sai",
            "2.4.c": "Sai"
        },
        "remainingSeconds": 2984,
        "lastSaveTime": "2026-01-28 12:32:35",
        "exitCount": 2,
        "screenshotCount": 0,
        "flag": [],
        "submitTime": "2026-01-28 12:32:35",
        "score": {
            "part1": 0,
            "part2": 0.1000000000000000055511151231257827021181583404541015625,
            "part3": 0,
            "part4": 0,
            "part6": 0,
            "total": 0.1000000000000000055511151231257827021181583404541015625
        }
    },
    "time-7": {
        "studentID": "60015992",
        "name": "Biology's Life",
        "examName": "thi-thu-lan-4-2026",
        "idExam": "6431",
        "startTime": "2026-01-28 12:38:07",
        "answers": {
            "1.15": "C",
            "1.6": "C",
            "1.1": "B",
            "1.14": "B",
            "2.1.a": "Đúng",
            "2.1.b": "Đúng",
            "2.1.c": "Đúng",
            "2.1.d": "Đúng",
            "2.2.a": "Sai",
            "2.2.b": "Sai",
            "2.2.c": "Sai",
            "2.2.d": "Sai",
            "4.4": "53,8"
        },
        "remainingSeconds": 2976,
        "lastSaveTime": "2026-01-28 12:38:36",
        "exitCount": 4,
        "screenshotCount": 0,
        "flag": [],
        "submitTime": "2026-01-28 12:38:37",
        "score": {
            "part1": 0,
            "part2": 0.75,
            "part3": 0,
            "part4": 0,
            "part6": 0,
            "total": 0.75
        }
    },
    "time-8": {
        "studentID": "60015992",
        "name": "Biology's Life",
        "examName": "thi-thu-lan-4-2026",
        "idExam": "3561",
        "startTime": "2026-01-28 17:17:52",
        "answers": [],
        "remainingSeconds": 2998,
        "lastSaveTime": "2026-01-28 17:17:55",
        "exitCount": 0,
        "screenshotCount": 0,
        "flag": [],
        "submitTime": "2026-01-28 17:17:55",
        "score": {
            "part1": 0,
            "part2": 0,
            "part3": 0,
            "part4": 0,
            "part6": 0,
            "total": 0
        }
    },
    "time-9": {
        "studentID": "60015992",
        "name": "Biology's Life",
        "examName": "thi-thu-lan-4-2026",
        "idExam": "4230",
        "startTime": "2026-01-28 17:35:08",
        "answers": {
            "1.2": "B",
            "1.3": "D",
            "1.4": "D",
            "1.18": "D",
            "1.10": "A",
            "2.2.a": "Đúng",
            "2.2.b": "Sai",
            "2.2.c": "Đúng",
            "2.2.d": "Sai",
            "4.4": "4",
            "1.3-": "",
            "1.12-": "",
            "1.1": "",
            "1.5": "",
            "1.6": "",
            "1.7": "",
            "1.8": "",
            "1.9": "",
            "1.11": "",
            "1.12": "",
            "1.13": "",
            "1.14": "",
            "1.15": "",
            "1.16": "",
            "1.17": "",
            "2.1.a": "",
            "2.1.b": "",
            "2.1.c": "",
            "2.1.d": "",
            "2.3.a": "",
            "2.3.b": "",
            "2.3.c": "",
            "2.3.d": "",
            "2.4.a": "",
            "2.4.b": "",
            "2.4.c": "",
            "2.4.d": "",
            "4.1": "",
            "4.2": "",
            "4.3": "",
            "4.5": "",
            "4.6": ""
        },
        "remainingSeconds": 2950,
        "lastSaveTime": "2026-01-28 17:36:08",
        "exitCount": 4,
        "screenshotCount": 0,
        "flag": [],
        "submitTime": "2026-01-28 17:36:09",
        "score": {
            "part1": 0.75,
            "part2": 0.5,
            "part3": 0,
            "part4": 0,
            "part6": 0,
            "total": 1.25
        }
    },
    "time-10": {
        "studentID": "60015992",
        "name": "Biology's Life",
        "examName": "thi-thu-lan-4-2026",
        "idExam": "2573",
        "startTime": "2026-01-28 17:40:02",
        "answers": {
            "1.1": "",
            "1.2": "",
            "1.3": "",
            "1.4": "",
            "1.5": "",
            "1.6": "",
            "1.7": "",
            "1.8": "",
            "1.9": "",
            "1.10": "",
            "1.11": "",
            "1.12": "",
            "1.13": "",
            "1.14": "",
            "1.15": "",
            "1.16": "",
            "1.17": "",
            "1.18": "",
            "2.1.a": "",
            "2.1.b": "",
            "2.1.c": "",
            "2.1.d": "",
            "2.2.a": "",
            "2.2.b": "",
            "2.2.c": "",
            "2.2.d": "",
            "2.3.a": "",
            "2.3.b": "",
            "2.3.c": "",
            "2.3.d": "",
            "2.4.a": "",
            "2.4.b": "",
            "2.4.c": "",
            "2.4.d": "",
            "4.1": "",
            "4.2": "",
            "4.3": "",
            "4.4": "",
            "4.5": "",
            "4.6": ""
        },
        "remainingSeconds": 0,
        "lastSaveTime": "2026-01-28 17:40:02",
        "exitCount": 0,
        "screenshotCount": 0,
        "flag": [],
        "submitTime": "2026-01-28 17:40:06",
        "score": {
            "part1": 0,
            "part2": 0,
            "part3": 0,
            "part4": 0,
            "part6": 0,
            "total": 0
        }
    },
    "time-11": {
        "studentID": "60015992",
        "name": "Biology's Life",
        "examName": "thi-thu-lan-4-2026",
        "idExam": "9917",
        "startTime": "2026-01-28 18:07:07",
        "answers": {
            "1.1": "",
            "1.2": "",
            "1.3": "",
            "1.4": "",
            "1.5": "",
            "1.6": "",
            "1.7": "",
            "1.8": "",
            "1.9": "",
            "1.10": "",
            "1.11": "",
            "1.12": "",
            "1.13": "",
            "1.14": "",
            "1.15": "",
            "1.16": "",
            "1.17": "",
            "1.18": "",
            "2.1.a": "",
            "2.1.b": "",
            "2.1.c": "",
            "2.1.d": "",
            "2.2.a": "",
            "2.2.b": "",
            "2.2.c": "",
            "2.2.d": "",
            "2.3.a": "",
            "2.3.b": "",
            "2.3.c": "",
            "2.3.d": "",
            "2.4.a": "",
            "2.4.b": "",
            "2.4.c": "",
            "2.4.d": "",
            "4.1": "",
            "4.2": "",
            "4.3": "",
            "4.4": "",
            "4.5": "",
            "4.6": ""
        },
        "remainingSeconds": 2332,
        "lastSaveTime": "2026-01-28 18:22:15",
        "exitCount": 16,
        "screenshotCount": 0,
        "flag": [],
        "error": {
            "3": "no"
        },
        "submitTime": "2026-01-28 18:22:15",
        "score": {
            "part1": 0,
            "part2": 0,
            "part3": 0,
            "part4": 0,
            "part6": 0,
            "total": 0
        }
    }
}