[
    {
        "code": "1.3-",
        "answer": ""
    },
    {
        "code": "1.12-",
        "answer": ""
    },
    {
        "code": "1.1",
        "answer": "A"
    },
    {
        "code": "1.2",
        "answer": "B"
    },
    {
        "code": "1.3",
        "answer": "D"
    },
    {
        "code": "1.4",
        "answer": "C"
    },
    {
        "code": "1.5",
        "answer": "A"
    },
    {
        "code": "1.6",
        "answer": "A"
    },
    {
        "code": "1.7",
        "answer": "B"
    },
    {
        "code": "1.8",
        "answer": "B"
    },
    {
        "code": "1.9",
        "answer": "C"
    },
    {
        "code": "1.10",
        "answer": "D"
    },
    {
        "code": "1.11",
        "answer": "D"
    },
    {
        "code": "1.12",
        "answer": "C"
    },
    {
        "code": "1.13",
        "answer": "A"
    },
    {
        "code": "1.14",
        "answer": "A"
    },
    {
        "code": "1.15",
        "answer": "B"
    },
    {
        "code": "1.16",
        "answer": "B"
    },
    {
        "code": "1.17",
        "answer": "C"
    },
    {
        "code": "1.18",
        "answer": "D"
    },
    {
        "code": "2.1.a",
        "answer": "Sai"
    },
    {
        "code": "2.1.b",
        "answer": "Đúng"
    },
    {
        "code": "2.1.c",
        "answer": "Sai"
    },
    {
        "code": "2.1.d",
        "answer": "Đúng"
    },
    {
        "code": "2.2.a",
        "answer": "Đúng"
    },
    {
        "code": "2.2.b",
        "answer": "Sai"
    },
    {
        "code": "2.2.c",
        "answer": "Sai"
    },
    {
        "code": "2.2.d",
        "answer": "Sai"
    },
    {
        "code": "2.3.a",
        "answer": "Sai"
    },
    {
        "code": "2.3.b",
        "answer": "Sai"
    },
    {
        "code": "2.3.c",
        "answer": "Sai"
    },
    {
        "code": "2.3.d",
        "answer": "Đúng"
    },
    {
        "code": "2.4.a",
        "answer": "Đúng"
    },
    {
        "code": "2.4.b",
        "answer": "Sai"
    },
    {
        "code": "2.4.c",
        "answer": "Sai"
    },
    {
        "code": "2.4.d",
        "answer": "Đúng"
    },
    {
        "code": "4.1",
        "answer": "500"
    },
    {
        "code": "4.2",
        "answer": "4"
    },
    {
        "code": "4.3",
        "answer": "1"
    },
    {
        "code": "4.4",
        "answer": "0,38"
    },
    {
        "code": "4.5",
        "answer": "100"
    },
    {
        "code": "4.6",
        "answer": "2"
    }
]